,0,1,2
0,2022-12-05 04:01:24+00:00,1599614891664736258,RT @FrontendLA: #Sacramento #jobs #hiring #opportunity @ Hilton Garden Inn Sacramento | FRONT OFFICE/OPS MANAGER (SALARIED) https://t.co/hG‚Ä¶
1,2022-12-05 04:00:21+00:00,1599614630179266560,#Sacramento #jobs #hiring #opportunity @ Hilton Garden Inn Sacramento | FRONT OFFICE/OPS MANAGER (SALARIED) https://t.co/hGZ2qOthEJ
2,2022-12-05 01:34:39+00:00,1599577963183230976,"@alewine11 My Gamecock Crew is stating in Hilton garden inn near Ponte Vedra/Sawgrass, live in SC but in FL once mo‚Ä¶ https://t.co/gYfcaKe9XG"
3,2022-12-05 00:15:03+00:00,1599557931606818817,@brianheadwelch we would love to to have you join us in Milwaukee for a Korn festival - it‚Äôs been a few years but I‚Ä¶ https://t.co/cRdUnPZpVv
4,2022-12-04 23:00:06+00:00,1599539067993178112,Looking to transfer after you complete your journey at CSM? Destination Coppin-Charles County will take place on De‚Ä¶ https://t.co/7WrxZiXRps
5,2022-12-04 22:03:42+00:00,1599524874619211776,@MrsHopkins96 @Big_Eazzzzy @weston_c @cocks_by_90 Hilton Garden Inn Jacksonville Downtown Southbank
6,2022-12-04 21:22:55+00:00,1599514609354166272,Just posted a photo @ Hilton Garden Inn Camden Waterfront Philadelphia https://t.co/6crkk8zyod
7,2022-12-04 21:06:17+00:00,1599510425032335360,Just posted a photo @ Hilton Garden Inn Fort Walton Beach https://t.co/fzVll8OqKQ
8,2022-12-04 20:54:28+00:00,1599507451111305216,"@ToddyClutch @StephenIgoe The Redmont hotel in bham downtown is super nice and the rooftop bar is beautiful 

Hampt‚Ä¶ https://t.co/56VA49gUDz"
9,2022-12-04 20:45:49+00:00,1599505275723157504,@DelilahSDawson In FL? The Hilton Homewood Suites/Garden Inn. We‚Äôve walked from there.
10,2022-12-04 20:37:28+00:00,1599503171210313729,@petresqr @PatClark27 @VivianMarkwell I'm staying at this hotel in February.  I have the Hilton Garden Inn (Midtown‚Ä¶ https://t.co/D0K4LsfZo7
11,2022-12-04 20:31:19+00:00,1599501625554784256,@KathiGaughan @petresqr @BroadwayWorld @PhantomBway @PatClark27 Stacey said Hilton Garden Inn don‚Äôt know the location
12,2022-12-04 20:29:50+00:00,1599501252101951488,@VivianMarkwell @petresqr @BroadwayWorld @PhantomBway @PatClark27 I'm in town 3/15-3/18.  Right now I'm at the Hilt‚Ä¶ https://t.co/hDw6rJqGg7
13,2022-12-04 19:49:32+00:00,1599491108928892928,@0711stgt Hilton garden Inn freut sich √ºber neue Kundschaft
14,2022-12-04 18:18:35+00:00,1599468222314844160,"Hilton Garden Inn AirPort Monterrey

Gracias por las gestiones de mis taxis de ayer al concierto üò≠üôè https://t.co/3uiJuzL6Jv"
15,2022-12-04 18:00:00+00:00,1599463547561336832,"The largest one-day sale of recorded music in Michiana, the South Bend Record Show, returns Sunday, December 4 at T‚Ä¶ https://t.co/V8tGp3bEfX"
16,2022-12-04 17:15:53+00:00,1599452441535082496,@vvihchester thursday to tuesday should be fine i think! i don‚Äôt wanna pay an extra night for nothing anyway and i‚Ä¶ https://t.co/NWmW7zwFaY
17,2022-12-04 16:52:04+00:00,1599446451066658817,‚ò∫Ô∏èü•≥üá¶üá∑üç∑ en Hilton Garden Inn Tucuman https://t.co/xGUI7E0W91
18,2022-12-04 16:08:19+00:00,1599435439013646336,RT @Justice_forum: Britain First visits the huge Hilton Garden Inn hotel in the wilds of Snowdonia to find it crammed with illegal immigran‚Ä¶
19,2022-12-04 16:05:01+00:00,1599434610336743429,"üìÖ TIME IS RUNNING OUT - Visit an In-Person Medicare Info Session!
 Attend a Medicare Information Session to get ans‚Ä¶ https://t.co/EWECzLFMIt"
20,2022-12-04 16:01:03+00:00,1599433612688228355,RT @Justice_forum: Britain First visits the huge Hilton Garden Inn hotel in the wilds of Snowdonia to find it crammed with illegal immigran‚Ä¶
21,2022-12-04 14:42:09+00:00,1599413755590254592,"@nmdmatt I stayed at https://t.co/vFjBgC3lNA before, and it was reasonably priced, while pretty nice."
22,2022-12-04 14:00:16+00:00,1599403216654901248,"RT @williamconker: @brown12008 It‚Äôs dry here in N Wales and I bet those illegals in the Hilton Garden Inn, Snowdonia are having a whale of‚Ä¶"
23,2022-12-04 11:37:15+00:00,1599367221402271746,Guest Claims He Was the Target of Racism at Hilton Garden Inn-Enfotainment Hub https://t.co/HMejrnedY9
24,2022-12-04 10:21:43+00:00,1599348215912009730,Con una folta delegazione abbiamo partecipato lo scorso venerd√¨ 2 dicembre all‚Äô assemblea regionale di Articolo Uno‚Ä¶ https://t.co/HXV9uKB1WQ
25,2022-12-04 10:20:33+00:00,1599347919194181633,Con una folta delegazione abbiamo partecipato lo scorso venerd√¨ 2 dicembre all‚Äô assemblea regionale di Articolo Uno‚Ä¶ https://t.co/LlVqaoBUdb
26,2022-12-04 09:28:13+00:00,1599334749105164288,12/4/22 journal continued: This secret service angel died previously in the line of duty. He is associated with the‚Ä¶ https://t.co/lA23UyuPs5
27,2022-12-04 08:43:33+00:00,1599323511096573952,I'm at Hilton Garden Inn Wiener Neustadt in Wiener Neustadt https://t.co/n43IJgGTEC
28,2022-12-04 08:08:02+00:00,1599314570782576640,Enjoy relaxing on the beach at this Daytona Beach oceanfront hotel.  Hilton Garden Inn Daytona Beach Oceanfront Hot‚Ä¶ https://t.co/jhPxcSKa0e
29,2022-12-04 07:39:44+00:00,1599307450536321024,Nikmati Promo Perayaan Natal dan Tahun Baru di Hilton Garden Inn Jakarta Taman Palem &gt;&gt; https://t.co/oTDLG1ZV5F‚Ä¶ https://t.co/YWnKge1Etq
30,2022-12-04 05:33:43+00:00,1599275736497500160,"RT @MTL_Airdashers: ‚ùÑÔ∏è Winter Edition Montreal Air Dashers 2023 ‚ùÑÔ∏è

Registration is now live !
https://t.co/edZ21CsTq2

üìÖ Date : February 1‚Ä¶"
31,2022-12-04 04:54:46+00:00,1599265934560342016,"Hilton Garden Inn Pittsburgh University Place
https://t.co/xrCKhQpCnK
#hotel #hotelparadise #HotelRoom #hoteles‚Ä¶ https://t.co/FAW1nCuQF4"
32,2022-12-04 02:28:03+00:00,1599229012798099459,"Who said breakfast is ready? 

Hilton Garden Inn Carlsbad Beach did, with their popular Bed &amp; Breakfast package to‚Ä¶ https://t.co/3C5e4KI8kX"
33,2022-12-03 23:45:10+00:00,1599188023480025088,"Spotlight Saturday, featuring Hilton Garden Inn Jacksonville Airport! ‚≠ê Our team custom-designed and refurbished 11‚Ä¶ https://t.co/ArBeFjM8dY"
34,2022-12-03 22:05:22+00:00,1599162907991973888,"Join us tomorrow for church at 10am inside the Hilton Garden Inn in Thornton!
‚Ä¢
Christmas can be a lonely season fo‚Ä¶ https://t.co/xx5ornOnH1"
35,2022-12-03 21:09:42+00:00,1599148897242431489,Guest Claims He Was the Target of Racism at Hilton Garden¬†Inn https://t.co/ApOcJ0nLwa
36,2022-12-03 21:04:00+00:00,1599147461024616448,Hilton Garden Inn guest asked to leave for allegedly smoking in his room and making guests ‚Äòuncomfortable.‚Äô He says‚Ä¶ https://t.co/CkUsnqsfFf
37,2022-12-03 20:49:39+00:00,1599143852975300608,Guest Claims He Was the Target of Racism at Hilton Garden¬†Inn https://t.co/9ZBr91Tnrx
38,2022-12-03 19:37:03+00:00,1599125580363968512,"RT @williamconker: @brown12008 It‚Äôs dry here in N Wales and I bet those illegals in the Hilton Garden Inn, Snowdonia are having a whale of‚Ä¶"
39,2022-12-03 19:33:52+00:00,1599124779088355330,"RT @williamconker: @brown12008 It‚Äôs dry here in N Wales and I bet those illegals in the Hilton Garden Inn, Snowdonia are having a whale of‚Ä¶"
40,2022-12-03 18:55:16+00:00,1599115066418159616,"@brown12008 It‚Äôs dry here in N Wales and I bet those illegals in the Hilton Garden Inn, Snowdonia are having a whal‚Ä¶ https://t.co/Y9CubC4n78"
41,2022-12-03 18:13:59+00:00,1599104677949456385,I'm at Hilton Garden ƒ∞nn https://t.co/iiUP95f3ek
42,2022-12-03 17:42:29+00:00,1599096750886658048,"N4038W is circling over Dallas Market Center, Dallas at 575 feet, speed 21 MPH, 0.1 miles from Hilton Garden Inn Da‚Ä¶ https://t.co/fDJEga0REC"
43,2022-12-03 17:16:22+00:00,1599090177720328192,"I'm at Hilton Garden Inn in Greensboro, NC https://t.co/lgvG1D2ZMC"
44,2022-12-03 16:38:54+00:00,1599080749658869761,RT @Justice_forum: Britain First visits the huge Hilton Garden Inn hotel in the wilds of Snowdonia to find it crammed with illegal immigran‚Ä¶
45,2022-12-03 15:15:10+00:00,1599059674485112833,Drinking a Madonas Alus Nefiltrƒìts by Madonas Alus SIA @ Hilton Garden Inn ‚Äî https://t.co/w65FrIJ2xD
46,2022-12-03 12:37:33+00:00,1599020008960655361,Hilton Garden Inn Debuts in Japan https://t.co/6pYvKxMyUw https://t.co/mQupgTIock
47,2022-12-03 11:58:13+00:00,1599010109866508294,RT @Justice_forum: Britain First visits the huge Hilton Garden Inn hotel in the wilds of Snowdonia to find it crammed with illegal immigran‚Ä¶
48,2022-12-03 11:46:40+00:00,1599007203704217600,RT @Justice_forum: Britain First visits the huge Hilton Garden Inn hotel in the wilds of Snowdonia to find it crammed with illegal immigran‚Ä¶
49,2022-12-03 11:45:36+00:00,1599006935323496449,Hilton Garden Inn Nairobi Airport December 2022 Guide #Nairobi #Kenay #Jamhuri #JamhuriDay #Christmas #NewYearsEve‚Ä¶ https://t.co/t2rGNZ0eWi
50,2022-12-03 11:40:08+00:00,1599005559738355712,RT @Justice_forum: Britain First visits the huge Hilton Garden Inn hotel in the wilds of Snowdonia to find it crammed with illegal immigran‚Ä¶
51,2022-12-03 11:30:29+00:00,1599003134004559876,RT @Justice_forum: Britain First visits the huge Hilton Garden Inn hotel in the wilds of Snowdonia to find it crammed with illegal immigran‚Ä¶
52,2022-12-03 11:04:33+00:00,1598996606980075522,Le groupe Hilton signe son premier h√¥tel Garden Inn √† Maurice https://t.co/ZfZrxr3XRP https://t.co/5fDYLEcWPm
53,2022-12-03 10:54:56+00:00,1598994185041821696,"@NiecyOKeeffe I had a 3 nights a week gig in Dublin in 2018/19. Hiltons were v good value ‚Ç¨80-90 over winter, but s‚Ä¶ https://t.co/fmZz5WTj7d"
54,2022-12-03 09:42:26+00:00,1598975940540846080,Sometimes u have to get drunk at a Hilton Garden Inn and accidentally fuck the bartender bc he looks a little like Matty Healy
55,2022-12-03 07:21:16+00:00,1598940414505287681,RT @beamsland: ‡πÉ‡∏Ñ‡∏£‡∏°‡∏µ‡πÅ‡∏û‡∏•‡∏ô‡∏à‡∏∞‡πÑ‡∏õ‡πÄ‡∏Å‡∏≤‡∏´‡∏•‡∏µ‡∏Ç‡∏≠‡πÅ‡∏ô‡∏∞‡∏ô‡∏≥‡∏ó‡∏µ‡πà‡∏ô‡∏µ‡πà‡πÄ‡∏•‡∏¢‡∏Ñ‡πà‡∏≤ hilton garden inn gangnam ‡πÄ‡∏î‡∏¥‡∏ô‡∏ó‡∏≤‡∏á‡∏™‡∏∞‡∏î‡∏ß‡∏Å‡∏õ‡∏•‡∏≠‡∏î‡∏†‡∏±‡∏¢‡∏´‡πâ‡∏≠‡∏á‡∏Ñ‡πà‡∏≠‡∏ô‡∏Ç‡πâ‡∏≤‡∏á‡πÉ‡∏´‡∏ç‡πà‡πÄ‡∏•‡∏¢‡∏Ñ‡πà‡∏∞ ‡∏£‡∏≠‡∏ö‡πÜ‡πÇ‡∏£‡∏á‡πÅ‡∏£‡∏°‡∏Å‡πá‡∏°‡∏µ‡∏£‡πâ‡∏≤‚Ä¶
56,2022-12-03 07:09:29+00:00,1598937448918253568,Just posted a photo @ Hilton Garden Inn Sunderland https://t.co/XHEof0gsai
57,2022-12-03 06:34:18+00:00,1598928596407848960,UNE „ÄêÈä≥Ë¶ñÈ†ª„ÄëÊ≥¢Ëé´Á¥çÂ∏åÁàæÈ†ìËä±ÂúíÈÖíÂ∫óÈöÜÈáçÈñãÂºµ  Â∏åÁàæÈ†ìËä±ÂúíÈÖíÂ∫óÔºàHilton Garden Inn )Êñº12Êúà1Êó•Âú®Ê≥¢Ëé´Á¥çÊ≠£ÂºèÈñãÂºµÁáüÊ•≠ÔºåË©≤ÈÖíÂ∫ó... https://t.co/LyTktPS3Tb via @YouTube
58,2022-12-03 06:19:55+00:00,1598924976308252672,RT @Justice_forum: Britain First visits the huge Hilton Garden Inn hotel in the wilds of Snowdonia to find it crammed with illegal immigran‚Ä¶
59,2022-12-03 06:05:57+00:00,1598921459950571520,"üöë
DISPATCH: Medical Aid - Basic Life Support @ HILTON GARDEN INN #136, 1801 EAST VALLEY RD #136, RENTON.

Respondin‚Ä¶ https://t.co/bXFpVYxNaT"
60,2022-12-03 05:28:10+00:00,1598911954009354241,Just posted a photo @ Hilton Garden Inn / Homewood Suites Miami Dolphin Mall https://t.co/uTkV5ymSbI
61,2022-12-03 04:57:28+00:00,1598904225601179648,#NCSS22 Hilton Garden Inn City Center fire alarm.  Early reports are two idiots in the elevator smoking set it off.‚Ä¶ https://t.co/y3gEPbyVRk
62,2022-12-03 03:14:50+00:00,1598878396141817856,"Halo #SobATRBPN KabBantul üôå

#Repost @atr_bpn

Maka dari itu, Kementerian ATR/BPN mengadakan kegiatan ‚ÄúEvaluasi Pel‚Ä¶ https://t.co/vUT2OJf4pH"
63,2022-12-03 01:24:30+00:00,1598850630537265152,"So despite multiple confirmation emails, Regency kinda rolled us on rooming and we got relegated to the Hilton Gard‚Ä¶ https://t.co/s1iGoOzrKe"
64,2022-12-03 01:03:23+00:00,1598845319370145793,@HiltonGardenInn worst service ever!!  Hilton Garden Inn Santa Ana San Jos√© had HORRIBLE SERVICE from your staff and manager !
65,2022-12-02 21:33:42+00:00,1598792547966623745,RT @Justice_forum: Britain First visits the huge Hilton Garden Inn hotel in the wilds of Snowdonia to find it crammed with illegal immigran‚Ä¶
66,2022-12-02 21:12:54+00:00,1598787315324915713,RT @Justice_forum: Britain First visits the huge Hilton Garden Inn hotel in the wilds of Snowdonia to find it crammed with illegal immigran‚Ä¶
67,2022-12-02 20:38:46+00:00,1598778722659799045,Sample of one but an anecdote worth sharing. I ll be doing some travel next week and had to book some hotels. Nothi‚Ä¶ https://t.co/oxhCpPxQAW
68,2022-12-02 20:25:54+00:00,1598775486049849344,RT @Justice_forum: Britain First visits the huge Hilton Garden Inn hotel in the wilds of Snowdonia to find it crammed with illegal immigran‚Ä¶
69,2022-12-02 20:02:04+00:00,1598769489574825993,"Game day breakfast. #beattheutes 
@usc_athletics @usc.fb Fight On! @ Hilton Garden Inn Las Vegas Strip South https://t.co/W6NhceNz21"
70,2022-12-02 19:03:37+00:00,1598754778414186514,@5arrankovic @HiltonGardenInn @valorhotelsEU I‚Äôm referring to Hilton Garden Inn in Birmingham UK.
71,2022-12-02 18:34:25+00:00,1598747432979947523,@HerrWozzeck It‚Äôs the Hilton garden inn!
72,2022-12-02 18:32:51+00:00,1598747035511001088,RT @Justice_forum: Britain First visits the huge Hilton Garden Inn hotel in the wilds of Snowdonia to find it crammed with illegal immigran‚Ä¶
73,2022-12-02 18:20:24+00:00,1598743902420602880,@HiltonHonors @hilton_vallarta Garden inn Phuket has zero interest in honoring elite tier. When i was officially di‚Ä¶ https://t.co/GY2NrGsO3H
74,2022-12-02 18:18:15+00:00,1598743363087667200,@Hilton @HiltonHonors Garden inn Phuket has zero interest in honoring elite tier. When i was officially diamond i w‚Ä¶ https://t.co/MoNThoGb4U
75,2022-12-02 18:11:00+00:00,1598741539983089665,@Hilton @HiltonHonors Garden inn Phuket has zero interest in honoring elite tier. When i was officially diamond i w‚Ä¶ https://t.co/jVEJNU1YmP
76,2022-12-02 18:10:38+00:00,1598741445925822464,@Hilton @HiltonHonors Garden inn Phuket has zero interest in honoring elite tier. When i was officially diamond i w‚Ä¶ https://t.co/XfTNucjIwD
77,2022-12-02 18:10:23+00:00,1598741381736181760,@HiltonNewsroom @HiltonHonors @Hilton Garden inn Phuket has zero interest in honoring elite tier. When i was offici‚Ä¶ https://t.co/TkjW7sA452
78,2022-12-02 18:08:25+00:00,1598740885935894529,@Hilton @HiltonHonors Garden inn Phuket has zero interest in honoring elite tier. When i was officially diamond i w‚Ä¶ https://t.co/n29HVVVZHN
79,2022-12-02 17:46:11+00:00,1598735293989150720,"@HiltonHotels Hilton garden inn Phuket does not respect basic health protocols, allows staff to come to work sick,‚Ä¶ https://t.co/4MJ4IIJaxK"
80,2022-12-02 17:46:03+00:00,1598735259658600448,"@HiltonHotels @HiltonCambridge Hilton garden inn Phuket does not respect basic health protocols, allows staff to co‚Ä¶ https://t.co/WW34AuRwOL"
81,2022-12-02 17:45:56+00:00,1598735229732229138,"@HiltonHotels Hilton garden inn Phuket does not respect basic health protocols, allows staff to come to work sick,‚Ä¶ https://t.co/oxYoesRjI1"
82,2022-12-02 17:45:09+00:00,1598735031857733632,"@HiltonHotels Hilton garden inn Phuket does not respect basic health protocols, allows staff to come to work sick,‚Ä¶ https://t.co/M3OLj0v4Bp"
83,2022-12-02 17:45:00+00:00,1598734994461298692,"@Hilton @HiltonHotels Hilton garden inn Phuket does not respect basic health protocols, allows staff to come to wor‚Ä¶ https://t.co/s26t4HXOFj"
84,2022-12-02 17:44:53+00:00,1598734967210901504,"@HiltonHotels Hilton garden inn Phuket does not respect basic health protocols, allows staff to come to work sick,‚Ä¶ https://t.co/74ivjVF7Wt"
85,2022-12-02 17:44:46+00:00,1598734936894504960,"@HiltonHotels Hilton garden inn Phuket does not respect basic health protocols, allows staff to come to work sick,‚Ä¶ https://t.co/RqBQ5opWEB"
86,2022-12-02 17:44:38+00:00,1598734903302131727,"@HiltonHotels Hilton garden inn Phuket does not respect basic health protocols, allows staff to come to work sick,‚Ä¶ https://t.co/5HqQ6zeoCK"
87,2022-12-02 17:44:30+00:00,1598734868854476801,"@HiltonHotels Hilton garden inn Phuket does not respect basic health protocols, allows staff to come to work sick,‚Ä¶ https://t.co/eUa0uekgh2"
88,2022-12-02 17:44:16+00:00,1598734810985672704,"@HiltonHotels Hilton garden inn Phuket does not respect basic health protocols, allows staff to come to work sick,‚Ä¶ https://t.co/kThdtVKGTj"
89,2022-12-02 17:44:07+00:00,1598734771093671936,"@TravelLeisure @HiltonHotels Hilton garden inn Phuket does not respect basic health protocols, allows staff to come‚Ä¶ https://t.co/RrprK11N9N"
90,2022-12-02 17:44:00+00:00,1598734742157160448,"@HiltonHotels Hilton garden inn Phuket does not respect basic health protocols, allows staff to come to work sick,‚Ä¶ https://t.co/1Ee8Ex06Cs"
91,2022-12-02 17:43:51+00:00,1598734706916610049,"@HiltonHotels @HiltonAruba Hilton garden inn Phuket does not respect basic health protocols, allows staff to come t‚Ä¶ https://t.co/xjxY23iwdZ"
92,2022-12-02 17:43:42+00:00,1598734666155950080,"The last time a Morrow was in NoMa, it was a flop (me living there in 2017 when the only non-beer garden bar in the‚Ä¶ https://t.co/OKokScIT7b"
93,2022-12-02 17:43:35+00:00,1598734638637539328,"@HiltonHotels Hilton garden inn Phuket does not respect basic health protocols, allows staff to come to work sick,‚Ä¶ https://t.co/RnMYxOUDhG"
94,2022-12-02 17:42:40+00:00,1598734405971087360,"@adrielmsw @Hilton Hilton garden inn Phuket does not respect basic health protocols, allows staff to come to work s‚Ä¶ https://t.co/5jvxMBeiMC"
95,2022-12-02 17:42:01+00:00,1598734242321928193,"@Hilton @HiltonGardenInn Hilton garden inn Phuket does not respect basic health protocols, allows staff to come to‚Ä¶ https://t.co/Nx55BRSXDS"
96,2022-12-02 17:41:38+00:00,1598734147874598912,"@IamEbonyWebb @HiltonGardenInn Hilton garden inn Phuket does not respect basic health protocols, allows staff to co‚Ä¶ https://t.co/e1aLemNpPp"
97,2022-12-02 17:41:31+00:00,1598734118342520832,"@Hilton @HiltonGardenInn Hilton garden inn Phuket does not respect basic health protocols, allows staff to come to‚Ä¶ https://t.co/RVAarMbKPJ"
98,2022-12-02 17:41:24+00:00,1598734088059645952,"@pgallivan87 @HiltonGardenInn @valorhotelsEU Hilton garden inn Phuket does not respect basic health protocols, allo‚Ä¶ https://t.co/nk3bhy8dfI"
99,2022-12-02 17:41:17+00:00,1598734058162458657,"@HiltonHonors @HiltonGardenInn Hilton garden inn Phuket does not respect basic health protocols, allows staff to co‚Ä¶ https://t.co/hTpCJOqKEb"
